id,summer_usage,winter_usage,annual_usage
108585,28424.455657276467,51265.146636654434,110748.6876074653
108587,17291.77416917098,56050.39252082105,102265.57253033188
108596,45599.89343243372,71591.15134416716,161796.56455473122
108597,27858.563654001788,82835.7574326724,155789.54100966017
108603,97793.92145670383,276022.5002888874,528779.375284755
108651,26160.530202715727,65061.904466105465,129230.03731760167
108652,17552.40115501821,37869.85146561201,77774.65212119538
108655,75288.9697483809,170230.63370364887,326396.2163047299
108657,30980.13281801004,107870.74777130758,192407.84824440558
108686,204864.9369271906,636312.814306768,1217549.5227783667
108693,87931.49171389916,133539.41024547044,311735.0087644528
108704,70104.62995720006,332442.1135049312,583015.7190204449
108710,928444.8606734825,1401593.2730090427,3409275.840730432
108755,4578.994754768554,11293.42045303014,22698.127519789177
108762,77702.74459206148,196618.16560514158,385986.2084317622
108774,296544.8136611258,597320.1174702568,1275838.6052017317
108775,253317.3316363064,267008.93643020507,731209.7498958404
108789,751423.2701812203,753035.205485595,2228706.855953003
108791,229352.75901112528,315200.2131346425,747272.6587924648
108794,4566435.61970002,5031306.731039737,13493030.335085198
108802,6456.829795661001,16088.638750352176,31543.307951441275
108813,2164826.0496044573,2485732.390407298,6443783.41046498
108819,96738.45226799279,238236.79392594352,458941.65329019574
108826,175792.146601842,392430.40497245453,798595.0522383602
108838,88345.54081954804,81888.2212437981,245419.94884663622
108841,756493.9058922682,2625463.4448502515,4882942.8515290115
108845,80193.80045846401,146492.99803848972,304747.75451275456
108860,2891331.789714103,4489880.26975092,10627990.863640891
108880,1529881.781145284,2755883.4423649716,6145479.0333141815
108881,12036.3093042342,43865.57711884676,79839.00373574029
108894,763718.0397815474,1075727.8790622756,2627020.3550714934
108900,9982.317573662625,75082.3869098902,121112.89423403774
108909,16414.576951083276,46416.42373200657,87554.8672887863
108910,37372.410668344615,50905.52998611898,124846.6515128921
108918,302428.0249960874,830313.6328558978,1675215.1820036839
108935,16156.707215387223,79035.373745478,133559.96341950464
108936,61445.73792056389,125102.7427156253,254706.56644278282
108971,11437.283863123388,53333.77118995469,88699.17991168608
108977,11151.606930669763,26491.374536162482,53087.79290406818
108986,58682.64759426187,82932.34868510069,198890.87919706744
108995,26619.22424145556,103069.21611792114,181269.21946519392
109042,434614.2535863034,787655.885022473,1747936.877742305
109045,304580.5049353946,641980.4499847923,1358028.8142834431
109071,187694.34615476077,561413.1607904257,1062617.5019655507
109092,71036.92448869723,152159.29360684875,307504.62535771384
109095,22310.88375471595,49137.64120994376,95810.01786983013
109110,60074.40292020607,217167.0225529279,385414.7769141169
109115,15735.139682764182,39068.07624005466,74715.2986222392
109116,31762.331595920183,69894.74133948928,138200.95159939904
109121,11286.936338302492,40035.352541114386,69168.12009995454
109141,243694.6172802105,680282.7759652381,1284251.8732881937
109146,423542.8075956412,525223.3007873202,1347276.5443359194
109147,36431.37610492465,80668.8537418069,161575.41089002092
109156,86794.51309663536,132988.46722084488,301801.9244147117
109157,57193.28142244244,151181.74791478834,280480.7917514395
109164,58426.109148332194,78207.48254947808,190807.82403267146
109165,73537.33311098159,127520.85423452435,276756.77500059805
109191,17077.632311320547,137198.73289311072,216129.76532859076
109197,245274.18543939633,647378.841969841,1230584.6290563946
109204,30900.81391869883,71011.80002638175,143656.80035822548
109223,409490.0883282482,1080398.1599387976,2095000.2793083421
109227,755047.573482862,1150228.4608183617,2663810.6889429083
109233,25513.780322368915,44005.402951011965,96447.13701977482
109239,583968.9867058506,1586847.8904296295,2959754.9023031695
109272,5695.427619677451,19138.11776681321,35291.78906359293
109307,26594.213863059023,48538.21988840076,103925.07171656172
109313,15749.127886598299,33715.40393945337,67963.1175337252
109315,1716478.7218046603,3715491.511817724,7792067.509881166
109323,3830.9334131309392,17254.046871847335,30186.16179792244
109339,9799.340090536245,32240.039322096807,58398.94295280102
109349,970547.2213669692,1366529.8733000734,3273283.400869062
109382,56824.25237535828,115431.10136221701,240864.54289703898
109391,39590.111199957435,95103.3965919478,188011.6375191657
109399,70152.40984649709,110673.80633547135,246026.63559706975
109401,3455736.2359923096,5216362.598000214,12219075.629654864
109423,25656.37906509535,28907.55108554573,71762.44576007321
109429,98480.9154553615,141659.8295606337,332920.37947642285
109435,69128.3654216813,159679.77246504772,318771.8309556672
109436,103139.11791720455,192519.08848764532,414106.8997169414
109442,43359.94431738937,103849.8878685267,205244.8344006705
109460,12307.16838968357,35819.052538083204,68205.4226424396
109466,673895.9801360178,1877963.7237054573,3786397.527951601
109485,668660.8508147063,2171777.1925018146,4006412.4569959133
109487,19800.76797205962,74051.8484055479,136739.00990953733
109496,155049.85461633038,311898.6793311906,654732.276571237
109505,73860.31117305795,122739.4150254291,264775.32797184907
109507,23869.99150737605,47129.520574426744,97808.12258815706
109510,13856.19729096719,26705.27559237736,55636.37104486032
109525,2336167.247165519,1241697.861994978,4894787.990245841
109536,26992.674559205443,27138.197189776645,70725.706440575
109548,105142.43978074087,222831.28099693923,444604.8356986926
109555,10535.022260011949,44953.78946891175,77726.60101625822
109557,34288.96159086555,41622.27936767878,108438.5579744472
109563,340811.6429228909,792652.1780628187,1620661.17308453
109582,87269.63756213585,93895.78635911668,249444.24081210146
109614,240599.47478949552,890225.3754690214,1601883.4573801653
109624,25661.797306788692,65867.40412495454,130878.41398509966
109639,10954.38038739349,29890.15344602007,57998.36204012297
109642,78584.96996832202,131875.77797237426,290454.7844857356
109684,23587.3188082779,121241.54501360582,205952.49211596762
109706,30358.000430104094,69297.43956387136,138941.6789405493
109711,11189.770807313815,26334.292168421613,51869.571615127454
109722,26080.27626451635,71318.43304303032,135289.36044660505
109725,66994.32072934101,124785.70111374487,265178.3762755822
109736,29130.64776446218,93790.0196481206,175911.52609930845
109751,292536.15758783696,686683.9405579577,1378884.804452448
109754,508220.0525213966,666509.9022386434,1709262.2512774887
109756,35584.11581950422,55603.39915300441,126952.39150268698
109761,5265.674417434389,24762.492580383696,41882.9683470156
109773,202492.03540065375,804976.8934805684,1455303.2181775598
109784,575800.4724498701,1392435.9849551367,2767356.7715669777
109791,9783.81939838401,18757.071754255612,40467.28937055511
109802,82048.2491070004,193420.37798852412,385261.6411201933
109820,29029.71276803281,192175.3397550924,309884.58347554656
109824,105792.76645980746,237558.63040659693,480309.8999190554
109842,100139.98970948963,188595.61634942016,405331.8247959583
109852,361535.9513174802,806945.4782259733,1633115.2332891012
109904,551731.210922437,1563319.6544400838,3000610.9925168473
109908,670447.3309562012,711181.7697402253,1983592.1538174802
109909,323458.5081197222,476859.8735356384,1114551.33974711
109910,346222.33012437826,916191.0424487699,1755320.661840558
109911,560053.9243353424,823254.4279016029,1935636.9343242464
109919,50728.89259956678,152912.46974169064,282414.3552747856
109932,558637.0474154386,1067563.9298259404,2343455.0735655758
109940,294243.04554658633,414048.23639617406,1032372.8267706224
109954,90044.55222101921,133180.61678245143,312583.944572065
109961,36424.12958942056,44698.12660073071,112782.9179429349
109984,34107.79721751108,100293.47649559965,191233.46072087053
109985,8907.46887030376,15605.538190305577,34616.086138354534
109989,76476.59719438956,118085.41378354725,270584.482760269
109993,532325.7664545825,1377773.453172427,2784628.261163854
110013,36375.71159903216,92446.2220853534,186672.47966372033
110015,28248.35688911519,105718.12065523748,181809.62330008642
110026,15583.83265919984,40932.38234870323,79244.64071729332
110045,30491.03298352555,73951.44534566389,138756.15067484396
110054,92738.52221405825,154311.7062306218,340297.4184239004
110061,54442.11899377964,97060.54696864125,209767.60812669288
110100,383040.8188285828,479404.1637704654,1227026.9965745122
110174,30230.75607768168,72386.85090191642,137752.78144193068
110201,84914.66690886009,149142.9144303539,318872.995047395
110207,517949.56789658533,1301463.574858435,2546585.513058053
110210,5110.684314971875,16413.051559766485,29131.08271906451
110276,11753.007993439673,32378.078662080818,62004.6394302097
110285,524503.9370868615,811152.2650682701,1965709.2867120313
110298,20399.787992415007,77405.11922151176,139214.8486459565
110306,20468.986260878668,64729.56287322833,117883.95827478485
110320,79342.84040450842,177441.3298930096,360879.99515555834
110337,94471.78159735083,249061.4301485885,485230.5040969614
110341,34534.669215650545,68674.62448968357,143748.1933456712
110347,89623.77630826482,278272.5281454649,536832.5729610744
110369,284746.7612462691,967647.7746448761,1733551.2763582494
110405,152550.1491070675,335559.91963363934,675194.7868459879
110407,364817.8922956823,758103.722184105,1571185.1534312647
110412,220544.94772166578,247030.43467318028,645673.7847356452
110420,30637.06019118702,55857.003046563404,120290.05435621277
110423,75102.79974373739,233932.6215720956,446869.5106070981
110430,1889286.854275218,1302858.3835225396,4480945.092347421
110464,617098.8000944471,776754.2409303589,1955497.6919738376
110479,21485.148320530316,39345.225135032764,86409.29427336587
110482,489735.5653727088,1228612.2150427394,2492741.4571270654
110501,72437.50258495432,97936.154867367,240656.93078306055
110518,13118.975080968714,31649.345377455895,62799.112187044266
110526,36841.167418686295,111947.59565917306,208552.13823977776
110531,27962.290604397043,74304.29961191995,142330.0641124844
110544,5173.531478869909,27843.909881848747,46534.252779124676
110572,712662.9998589829,2267358.891224124,4236473.133063468
110593,11937.19218596727,59030.713219658835,98145.01215322239
110602,74927.29857677293,172724.7581601253,342175.35418456607
110607,953438.5513859702,3297661.153131462,6262351.444412022
110635,183562.59226941824,234601.61999496506,601552.050961664
110655,189505.4925081774,388487.61509072105,849713.2713734366
110661,119329.97896271403,119649.59417708343,338862.05809151183
110674,56086.70062215068,89254.0901302451,203696.19861983182
110700,304580.168501417,484169.8935653748,1092523.3983917297
110734,42965.708543707005,79650.67311863053,172271.11321235326
110736,9802.531774794126,51570.75603164245,88483.06203533156
110747,100028.47528693151,201223.52348102594,422428.3319839319
110749,2522852.7367831203,5664422.868418666,12031770.865676697
110755,8814.216023447792,47995.70175386554,77394.32476640174
110759,20010.520087434208,81732.75157639604,141472.24969867812
110760,17362.592355269542,43851.476657769155,87010.31654709778
110767,71335.21563228121,175850.69893782545,343335.9787734037
110770,20863.47280936251,46030.98166682045,92751.65254639764
110776,2095427.329363593,1934667.7848874857,5731023.165555406
110786,130366.89653812838,264536.7716323912,553380.4975434691
110806,5668.315135877892,17831.089301665776,33320.6336616209
110811,2813323.561633772,3253551.8911795258,8892869.09756994
110819,585111.7052975297,1705187.710199005,3266418.1197835845
110843,298015.73167628684,1071945.5215950618,1940300.336690293
110855,355282.4067141081,407712.90539134294,1062328.8494881475
110858,422888.3465659715,462164.3382850601,1266121.119755021
110866,15279.09799559048,62473.07538082051,108335.37310408297
110879,279648.9242639902,295527.8056433971,830932.5932352988
110896,1336830.762110125,2986251.057895063,6179835.92490392
110916,76269.44739899004,202022.83043911736,391818.5344349639
110923,6028.783758711779,18189.37806434113,33239.06129098698
110926,19167.202502570646,98880.94157994307,166513.13968675392
110941,18154.498095969644,43100.26422646143,83095.96940547602
110953,539802.5577255497,1402521.3189941589,2794459.487446213
110960,56743.74018267591,99642.36164880775,217749.57012295135
110961,10941.844405752596,29524.330123595177,57406.45912654209
110979,26041.27940796158,59591.28840657948,116661.48701753834
110987,57699.4762801046,153559.35104009995,291610.462122672
111005,12884.229174070613,31780.34954128141,61064.4235835546
111010,200784.23965535432,438083.5968551758,870532.1123546408
111025,90129.79118725288,115147.69644202694,291566.4354261071
111032,32419.424007988873,98081.00433518052,184487.66946431925
111039,35317.91459122786,64400.32817481204,135265.822219945
111045,13497.296456924638,29162.78715628362,59510.77131447202
111058,80596.34685886477,191915.49644962835,375600.184114142
111086,26412.18009706588,98788.259926076,171813.32423010457
111104,345634.51585793175,1006252.8157856314,1951632.3123276285
111124,26527.390086960815,34827.537842767015,87003.03773756308
111141,418873.34721236466,803386.569726896,1792545.4116305215
111144,170533.80759572104,400033.43126611615,814727.7817054617
111154,32871.2605307436,75051.1275681339,152848.8683234495
111173,173287.07846811556,248864.7632139494,578343.4958544201
111178,35910.32142093095,82981.12591516614,165488.47736297973
111215,497025.8340097769,1326426.9032200237,2584909.1275081593
111216,503075.27660192386,1263034.8388707137,2484764.042686949
111221,168759.7788449644,245663.55578691728,578966.9528507788
111229,3850.4512301615164,20914.829223969344,34588.152605327065
111240,59399.22068416753,146851.82714069056,286860.05005838873
111246,132714.48521682987,405989.2206000731,748409.0505340759
111259,22506.58565912663,70330.61668645518,128372.83327774024
111275,892436.4661145017,1812701.7633754977,3765556.718710012
111276,23644.024940528805,50560.5528655665,102359.88036184068
111287,182995.70994377547,230169.1711207894,583639.9298599799
111294,1304757.99732442,3416376.6476700674,6775889.211359421
111295,5084.644962281408,18159.00857975745,33102.9049627304
111316,162484.50307331127,351530.38657656766,726386.2966236182
111343,117111.29003077964,307488.72827454715,560345.7846546848
111359,19118.93115204286,34168.313118065686,74760.59046896908
111366,164241.5523428373,210113.4500176746,524820.6264213927
111367,10304.942723484866,44211.10007453441,77964.43380141209
111388,2002353.286828448,5864363.421049746,11145181.319192998
111396,67807.36294414499,165592.6622990459,325289.2987650689
111405,17501.95665509452,53605.078881288144,103295.82585985793
111410,29914.7656918735,135642.14744050105,226611.55751617588
111421,346777.61914073525,499118.05437244114,1212571.532852346
111433,4848.588631289309,10882.661958202054,22514.120417771264
111435,876652.7680232688,1876413.877705445,4052198.617559261
111441,113285.61672730769,217058.60344694438,467916.72420008556
111442,30584.186122115116,99611.18258691524,179757.39324343775
111463,22456.2799573561,31720.856564317488,75077.35846544779
111473,19788.8298873669,35354.66618785411,76340.63432793497
111482,30797.105014000565,70546.98928813198,142133.0623538295
111497,450911.71062040725,972822.5799561235,2117532.525031495
111498,29913.319213144438,96020.14264476205,178788.51959313924
111500,400703.6802814891,680276.000712048,1541822.302270629
111511,991422.8341799468,2084749.0834999357,4501415.280986286
111524,39403.69975923851,202639.34162570897,349789.0988625699
111529,3350.69990366796,12195.792408456166,21751.795669101113
111541,35977.97701967293,121161.29488062132,215692.5036464156
111542,175661.96572441366,264971.3301601198,610057.7748392848
111548,8700.913218660347,23746.86649606908,45418.92171194243
111587,20515.057857954387,60089.040503820084,115483.44166337274
111591,38507.32034261938,122146.52581876879,230935.30995684737
111598,319280.6836213173,478244.11904296704,1156717.2576331832
111605,106442.10640165502,165214.28825483244,380664.37571382243
111617,125745.21462790422,330437.8808772595,658876.6676591157
111618,2470564.965981888,2547232.2684425637,7192255.721788004
111622,482995.3532154501,627441.2952775286,1570855.3044816775
111629,25998.669966966612,62825.271205994424,123479.03025784745
111634,263120.4210975702,435193.4758903056,985471.9629143046
111640,4109.493547192861,11325.991056242148,22060.31318010378
111642,12570.816374741267,52227.89791616331,91273.38560743374
111644,6599.440839407982,19420.335429257044,36627.355398599735
111649,108677.6531766686,216123.05425841577,456476.6646574858
111652,39545.052165668625,61014.992724809315,140170.27918600323
111658,3553.3509977409753,15654.225159850208,26914.55144835026
111666,11828.734379583588,26718.257841697625,53572.79658407054
111667,41818.09831847896,55828.03825669244,134877.20910026558
111679,10458.557058829147,45917.88444242998,82473.43893609353
111688,477588.5928734846,1970411.4084508687,3229697.568202638
111702,13276.123365053658,54983.64888117858,97545.67654151365
111705,103985.47567326522,143552.7492059367,350916.5127242091
111710,13813.892346334573,53672.02327493114,95801.5543197516
111715,130332.48716810292,149913.47134966915,394499.3175268114
111717,430797.3279213949,580461.4341053859,1484491.0714287446
111729,39109.50968443736,146315.85837437626,263290.3625645276
111747,406977.2744278562,1175962.9894084884,2276578.6080523757
111751,31177.54832018691,53578.69433241313,116853.0149212386
111752,107750.80819095294,195163.2913704763,423774.7541290566
111759,48940.96673883625,281252.9955535073,464517.4565628191
111776,693870.6099562737,1659229.139798476,3343705.917489353
111785,51801.38048010441,213198.72268038106,372468.63077485963
111786,59309.22060147371,73359.43607460508,178279.8266770923
111803,67120.38653327063,138875.94950140826,280679.3589975111
111814,82587.46856323587,80997.79182977458,236122.7287531448
111830,513897.6985957042,1355681.4776460903,2681258.7327787485
111832,527779.5554865289,793209.2334681348,1874856.0397961452
111833,14375.511683307297,23320.378164718302,53598.07388509589
111835,45440.367363093545,93747.51741074954,191820.843111485
111851,1439196.1101493808,1770371.7571443524,4569735.083958983
111855,47349.33964111599,103582.30531909484,208693.4300160326
111864,75310.1191883706,124256.24101637185,274151.9882834706
111873,5341.042350579448,19161.463348306108,35987.240120315546
111875,30154.994966032253,123629.17400068263,213231.03668991206
111896,252739.0166226114,709683.2130254998,1345208.64882726
111898,38714.234134170954,46110.82266402302,119809.79404532342
111900,19754.848900335204,39629.723543878135,84359.2242135414
111901,44326.68253626542,133273.6959077171,243796.9909593555
111924,1170809.8186767288,2283596.0457740584,4916057.963905942
111925,2628.3002039505886,13510.212347430797,23576.200555712585
111926,619122.4612610543,1997286.8550329115,3591704.0288278116
111927,18579.95983109279,29008.835920299945,66950.52425957429
111942,37617.01293933301,67340.15238497617,144703.4503517694
111943,27030.66453644585,37046.24087597697,90165.62557822594
111957,175840.00972852387,442215.5041986842,898817.9768708372
111966,12049.99377720108,36963.752247711214,68321.69305916394
111995,218338.6368451753,840817.2580345063,1476027.4039820388
111996,10702.009001786986,75913.99523288193,122213.71998292455
111998,117310.92805119578,216123.8151270684,454568.1785051327
111999,79388.03277900319,197872.4829543546,388971.0399256173
112011,13561.637091878816,45651.526592765935,79985.20466641121
112012,87358.51738332844,152740.7359643424,336212.08535585285
112022,24800.14058760492,62053.579113834625,120937.49146303689
112028,40366.33063257207,60469.58063888785,141744.9125214439
112048,5567.277641730956,16118.37285619574,30189.488531007148
112073,367106.06865410105,943630.5766531556,1852681.1656441875
112090,4991.537506682168,17051.966223732932,31558.104180373142
112092,63675.04661882535,114297.58634963383,248700.70005442365
112093,17517.738853185878,35481.59502067117,74315.01647052988
112104,33358.047830794225,34573.61563941735,96245.31009928152
112107,38291.5378216192,102467.46787270707,198117.8477531593
112111,30184.904949721065,67827.66686881987,139167.6160115375
112122,23646.27162544345,82882.97966945788,150600.22592655904
112130,25533.635179175057,62406.455264873206,122897.4365894357
112135,15510.977626687614,39969.75593224391,76101.9806930237
112141,69575.3182541423,215551.01203261167,382389.70507928776
112146,2162139.3033410013,3910749.8070338313,8765277.500770226
112159,63157.43545363745,108317.1011484848,235722.14687957102
112189,565155.8249302659,1623920.2423410828,3123632.5093467683
112193,394918.0986766618,783453.9389088909,1645784.8117441782
112217,34529.98036162312,76725.94324789428,154350.5017645678
112219,365187.7336651416,731704.958947959,1558909.6173903127
112244,74519.98006020073,177053.59969274735,338921.0384805568
112253,604854.5127073673,671125.2038290737,1809850.1198671302
112261,52176.20437635328,75645.2129369367,177496.37252233704
112263,577562.762012336,890641.3312422383,2061062.567310146
112265,174408.1391585591,419218.56329641695,837802.0414393013
112272,220219.48625518536,555826.3211977483,1041387.6801486795
112289,498391.52923377487,609607.5851981124,1573560.8465014505
112293,11766.558180000191,30921.001395887917,59543.382816768295
112298,74178.48692031758,219500.51442832814,417532.9544794017
112299,57344.61009014785,79700.69664916539,191313.0395153574
112305,138831.50776026788,281283.9168955533,577221.0171863064
112330,53545.97275468988,156865.9528312194,294650.46167336777
112334,22361.577285127787,51600.13436663577,103971.52502271796
112347,1638443.8070121456,2074486.278820531,5213515.2467879355
112352,18023.50835218129,111653.28925221699,177550.54669210978
112366,17715.2113921926,49433.76927477629,92069.41127847692
112370,278912.6623628346,656007.0214709713,1347535.3979550437
112378,351213.6517729347,621346.4254780734,1371267.0734597174
112390,14928.867132621639,26233.70206763512,56494.18950597548
112412,12720.734036940912,35538.26830432132,68191.96911596536
112419,34361.06458524287,82766.6107101874,160594.97892736678
112420,1649783.2575514652,2366603.1877525337,5783167.901836886
112426,19959.163198738614,106165.7306700591,177951.9309561926
112427,69571.75813977089,90563.50136399512,227929.0388103302
112431,191638.26822974934,347240.793849402,743906.6235398473
112456,10465.171732840183,31208.74180519711,58465.105878853996
112463,16170.501622562399,47983.490141808754,91159.61590704862
112470,64162.883947878705,140201.73816671944,281308.2278263124
112483,14797.277432560879,29561.92979523865,62172.608371733964
112491,34531.31648948359,81212.00749849518,165091.78363254777
112498,269948.6789597357,526227.2115129272,1088718.2825500853
112505,93894.05852802882,175783.86724262577,372152.1373077112
112508,213020.596096017,485038.7346112244,1004442.5541354212
112547,17553.07884115726,43225.838380602734,82277.14640678649
112570,380670.7480317859,510047.20875040506,1258591.0016129692
112571,69461.08437970799,151174.38551276023,296833.0452821262
112585,21762.293694946264,130439.53998242175,212974.1821843383
112613,221828.87382579525,323572.8956992301,774883.0549232597
112614,65483.67384382545,331790.56550635427,557893.5637201652
112616,21636.32566626148,56576.120784784885,107827.36800355616
112623,10756.22411305592,26359.679639324266,49690.47920494591
112624,22925.112865753883,109365.3157040597,190559.57114957453
112625,59460.33690291659,158770.20665447318,300180.61451250606
112629,25834.259783266036,38830.195765787445,89847.7613586917
112630,90911.62205601917,158823.36999979147,355655.5728994832
112650,281920.1523116252,553835.1670405237,1164181.2366016426
112654,393123.1123374717,1065625.564573598,2081561.6609154432
112675,13129.17883813403,62061.450953731095,111837.52183402912
112677,85907.2242017839,157564.72536902002,340412.5468202107
112685,521256.2212712633,543721.8290922284,1464823.6240824685
112700,63334.42007849467,179147.2133451052,341047.7129808259
112703,20764.637948719163,85523.7582946885,155029.7690094593
112705,31913.399609998705,69735.63057029588,142097.17495426998
112718,64412.67467348633,87568.94322620786,215796.15236484716
112720,3949.629406366759,11450.836690503484,20944.961117654762
112721,4816.137260708506,14796.239329468843,27495.529478736367
112722,246349.57105715314,598351.4158009703,1188500.664858813
112723,15982.125444459018,40793.91054691546,78266.68580411168
112745,231145.70239373407,904141.3005179419,1668799.3740362893
112757,14308.46422105328,37208.429330323954,70633.19037095048
112769,70831.35732894189,106864.237358303,252187.76155900845
112772,627993.205614924,1802819.6832279323,3432063.2014698917
112780,53514.54789361286,135282.3198540381,275668.6334110627
112781,16800.812169903587,84264.46232770164,140595.6625418855
112792,31674.26819224571,82724.85567468968,165284.69533380182
112816,362313.5020324643,296800.62921826215,950478.7955543229
112832,29438.25607765984,59548.326815915636,123497.80617768424
112833,148974.39317633832,190176.80983515413,480068.2196691965
112836,311509.3284409301,1787070.502528639,2972650.599411234
112841,242575.227606159,317604.8256844084,781321.2245256815
112848,15212.790931572492,31407.776193044985,65755.152003797
112849,16906.338123646958,52313.01998245885,96573.70516150763
112875,263138.5079411826,581063.3551765559,1183083.2899416266
112882,1429746.4738386397,1859426.764391258,4682234.191626798
112896,163328.42908902335,375739.4666584308,752183.855728377
112900,450219.7702837388,1608434.3427129192,2838622.7871817765
112901,47008.372879490926,73053.50384661683,168086.3943975852
112928,7031.3599835821715,16216.983555917532,31991.190051671518
112940,112166.36501448113,210421.2414082404,447108.363530433
112947,59313.38931012596,71576.1772997279,187355.1079720317
112954,241446.909406415,511825.08797703614,1065229.410330006
112955,20028.519354272023,78035.34709142482,147746.8444682298
112958,1182392.4542561474,3976048.061888167,7642586.853905294
112967,15411.437036872747,36934.158087390286,74300.08218062662
112988,19259.912895648562,39013.79564724616,82138.79481187338
113001,47714.51987952168,78545.66209800098,169348.36185945134
113013,94564.78042397655,189177.96980543397,407341.63024201733
113015,18256.120294194272,34611.948651025756,75592.53311544436
113021,20908.758050007826,55287.89954196506,98894.0054734747
113029,327736.65267346863,433413.3028546866,1084097.8957481324
113032,10975.269452813305,36099.640117463256,65333.20781509167
113063,1152552.5338178014,3177673.4775392385,6230696.016158069
113073,1234890.5425897406,2878495.8805879736,5940427.875315274
113078,15527.597266010085,36440.79621276029,73066.87736364579
113092,1365691.4620961086,7698097.972680621,12811429.249182196
113103,24209.859352456548,49232.62494932343,102192.8037991659
113104,95640.74058191448,143463.03452767545,327131.5150251058
113120,910915.7975054459,2612567.014641752,5162779.648097359
113123,22763.947007220017,47533.938017632805,98343.6587037317
113133,37650.89887470613,132059.2745597106,241142.86432036938
113139,53963.77912519317,88316.63362429281,198027.22481930698
113150,24626.396759649204,54533.4327089037,110589.20599307804
113152,34758.14591979751,70172.77052126179,143615.771905965
113159,8902.869118625866,30330.949712032212,54730.865101686955
113180,1769156.356058764,3549048.615908933,7525742.893284405
113204,58889.168359610114,145476.95470890196,278112.4099643131
113229,71999.86422189657,140879.7947294617,298675.89064384275
113235,143504.29028953047,399279.2626357004,785984.5115182763
113248,36141.59729663083,70684.22600654181,145698.05373701887
113278,71684.48416551671,114372.38132989382,255287.13699944393
113300,250002.3495535182,257641.55765397372,708099.2438079225
113302,13267.531230015578,46540.69968947608,82767.87399455905
113325,40934.15219905191,97030.17395398716,186934.1874600735
113328,66754.61164862258,157464.0111869535,316582.7365230017
113340,30775.969145587795,109278.00054648049,191821.03796443064
113364,541184.5926600297,1186502.1457374145,2396837.975507085
113392,97239.48044710864,225886.81429290213,448821.71247247735
113404,855939.3571822259,1138097.9248832962,2852955.2585536777
113417,167511.4088781392,218971.1083190468,532338.8941830462
113419,60182.19957314455,59268.04365918716,173409.0310777181
113423,43426.47148077114,97462.3234618948,194567.8238444156
113430,309004.8487623828,613830.5809828228,1308423.5385225448
113442,65577.65647064839,182019.14450453888,339292.24501777766
113463,24906.655072438585,64301.067727200774,122788.85731464151
113464,3170461.836940632,5063389.352498017,11752876.290431112
113466,77993.86101783291,144555.35754976916,309656.4115484103
113480,22408.840680806188,49417.729301370615,99426.00247939109
113497,117536.08019329993,400768.6037125032,735322.523540128
113503,7719.029975780027,26729.41442541965,47677.507545267465
113507,34507.777697182,68776.13735311961,144543.01067980894
113521,388197.9574259587,918378.3937628889,1859986.8973656711
113524,641285.7597288662,1646569.25544649,3373897.940408975
113532,45358.069721922875,44110.70413116533,127544.62929426091
113536,8868.607995055683,36118.933932741194,63888.49964285784
113556,23990.934943423068,96835.63624882666,169537.61426253317
113571,12353.151366674347,29990.33479570481,57902.30037083778
113581,3262319.436696916,3447241.344196444,9306419.99425135
113593,200215.8123761746,350687.14452960243,746342.0975995869
113595,70043.3749418223,114092.10444472608,262673.28524750937
113601,1170540.8431648186,2844749.9555417066,5991646.475012867
113602,28042.65833684377,44121.45179905679,98753.77290964831
113611,15879.17173341325,39506.34830344063,77567.02366353164
113613,2065467.4063543743,4740310.15842399,9662451.207545284
113632,47328.633776226765,75047.59839597617,170737.0261246871
113636,30913.156682656165,115885.40439516603,201845.0059126083
113646,40708.169689418384,62265.53198459036,142745.9030368167
113652,6208.874501109413,25417.38158331932,44801.72477587125
113653,7457.682961128948,12135.51305751549,27421.993908351862
113660,87959.19420893595,149142.13405386516,329912.8759646117
113665,41950.7790199502,88785.02036744067,179828.99524476397
113675,117300.50918633415,213546.044544032,459908.0263507706
113678,17187.665622025594,32991.961335125394,68678.9412124587
113687,202865.688499409,518997.4836589845,1027403.7576585091
113711,3887416.519570188,4756434.793040834,12075770.56456612
113718,49986.34457827348,91871.73140090499,197649.73534567474
113728,12162.246398226027,34816.86776189784,65671.66504207026
113738,671635.6052886498,1768211.6187560898,3280569.5661604516
113774,14986.914045257232,21055.77335107928,51616.07766208256
113776,2296142.060568533,2876995.784099602,7300310.728111315
113806,4579.136503323682,20592.978409884276,35859.68263258144
113815,41077.11042280205,120383.50484516764,224982.99719135422
113822,352235.3551735311,391076.6363189328,1038784.0449141392
113858,527466.5903488669,1081467.5540878777,2275785.041408584
113883,580797.1984588414,1641531.5488630733,3139626.960899942
113887,35338.337426829705,72803.52950000757,152628.4858073564
113888,29489.536911534913,134401.29695515573,232893.9619868069
113909,33198.7645109693,79857.90533418318,157070.5762238006
113931,8996.462516490106,21196.870649594548,41501.1049687046
113942,511178.7079080558,1398606.8625522503,2744256.4362643147
113955,62248.2364250463,162796.87134571522,318437.4451338439
113960,258108.27818088682,390845.0821167001,929985.633466564
113965,439921.1486114927,1039237.6777495985,2113430.317217298
113967,5013.127754905106,27205.597185750146,45350.983955053
113969,125090.07584809199,155098.62363429175,401526.3890571522
113970,10598.979844784726,31400.209617715147,57898.11195372343
113973,211825.9993939437,548111.5702065866,1063619.520466626
114003,58955.240875230025,161029.02139184033,297261.2735937282
114007,16428.065387759005,96853.47281073117,158575.27396492253
114033,18589.355639229587,50235.30432468235,97308.68971956693
114068,424689.7947217885,855963.7518347078,1817719.823882029
114073,54067.97629863947,41716.179700234105,135909.22398076148
114082,37659.1625467223,76712.50876092518,161432.24078124666
114083,36572.33863221118,63100.44680899638,140187.17767009424
114085,655451.3942534241,1274958.0967425746,2727894.912751532
114087,103455.61722926889,234358.3757714745,473649.8487822521
114092,27725.286977889587,57626.12980767349,127848.90585171126
114113,18772.15901727437,54271.71978358635,101302.61140639153
114120,38865.25001221386,91107.80097448215,186778.51480312741
114130,122970.06736857614,258943.92902263542,519111.2345090627
114131,41409.218886108545,141357.62124769078,250008.34217802214
114134,9663.772388101017,35128.81750454614,63750.99833950703
114138,27215.830923486392,61258.96106897447,123667.1448887613
114149,364247.740784788,793361.5409054945,1596244.7475780773
114158,156150.90163481617,287431.3143135069,634088.2384994689
114159,214726.5704329236,570670.5554231651,1098673.8024830143
114190,78869.84614122934,149333.01850014526,314017.99600721744
114205,16429.640709519852,31938.188343924496,68060.10495889935
114216,39984.86980627051,115386.27759315087,220957.96831187553
114218,10941.819223366505,32172.940304870514,61348.88506084496
114221,331980.9788898376,566637.2419590021,1292877.693060437
114246,262153.9392901698,462432.12847326865,1032537.1393012332
114256,63650.36583880453,96582.3458678381,225078.265032675
114270,288968.5644870249,637684.0854922008,1302033.8968858188
114277,40652.3960458404,73151.36585227707,157795.75684228796
114283,32986.064519680614,59805.9917936823,124587.35022360351
114286,14882.084675915165,62680.38521676696,108586.3603506005
114288,645345.663191946,634402.7890829772,1763369.3009714682
114301,83185.5949964008,175943.01633245315,358817.31803121825
114306,239725.57475353772,809382.417102372,1542720.2997929263
114310,10897.435706331387,33259.51801305185,62445.85491990867
114333,29945.78308746388,54815.853700451065,117659.66216878075
114341,749320.7050699176,1988527.1751212953,3981971.4584421893
114353,39787.51343946377,96232.8413899655,188348.94654872426
114367,76890.37182854707,195704.89226009187,390157.6076878134
114389,417253.7550788466,1726086.8459438107,3104100.094893324
114390,357509.14552780613,1546915.2210387336,2741426.060534397
114398,766125.9747557058,810844.8812921355,2167115.615702707
114415,47575.75839035692,78318.249197169,172559.10601992902
114420,30036.16419370774,119784.93612280439,202974.8427568468
114425,37188.05166189091,146671.21158722916,254963.60217217475
114434,52989.34165699008,248638.28102062416,409194.8180903945
114444,109634.79309874098,327300.01532573526,656713.3347781247
114449,13501.6392166789,37167.955803085,70227.69750849993
114466,49122.977344894556,109939.23289487373,224787.53100933327
114467,35251.73484382628,67102.41955199534,142858.40467337528
114468,46656.72918374311,50444.73176435935,140218.18532652612
114469,15719.53681973057,29793.589101502508,63373.333357012205
114473,19952.691179214627,29175.377818707268,66961.0527879301
114475,34729.07089532851,76337.92773713832,152310.99277089874
114476,3493962.615619672,3841152.423295976,10815835.842248203
114493,28537.96926804202,43858.89163438149,99871.37301073452
114494,49314.2318029429,63486.16753195109,158706.20624131127
114499,174636.12724953098,235280.17658621108,579436.5616606018
114507,20762.015134999987,100942.5699180147,173452.1058916544
114517,10926.976902571698,43130.52546287937,75459.66482515115
114523,105430.6823999882,175701.91984500233,406402.4608333007
114533,31759.851364971993,86020.27082720592,162241.12421724334
114544,84873.1435730543,143543.45617103254,322268.8980294648
114554,386528.2810666642,1184899.3523565251,2212510.6730941418
114564,38163.414734967955,98774.68863887458,193497.30551280116
114565,3005287.542208833,3097840.1610493795,8875097.49013644
114567,20789.395793130607,90574.78992133295,158527.49166381813
114603,21504.752445715763,52336.63462184784,100511.12160139489
114604,105573.50716505933,240776.12658084664,493370.4847076058
114606,129007.88442977682,277185.13898566435,591942.6254566393
114612,93388.37225860858,263180.6521755785,511054.94329207344
114623,353670.5652153279,752711.1653927052,1582350.179194384
114629,2582547.698733086,4328083.75831336,9974208.737731494
114630,71726.60776532641,182245.24595872467,362647.78584169963
114635,137454.92321105002,234534.58696444274,498876.4906841876
114639,289826.72400327335,899511.0831301628,1670345.3870404898
114641,88683.89541267385,113802.62308518999,285607.56748487044
114660,15254.187378177814,66812.86470797013,114077.87435750038
114665,10924.890725409974,17497.29468853874,39825.0157944892
114680,44495.95501060537,78820.86024257937,172115.06985917143
114681,59992.96428338195,103435.89529510005,227714.26327706256
114717,29878.242300268077,51940.485388468114,113650.47276112202
114724,3444257.207666212,3551849.9300913205,10218196.376350682
114726,102717.21827187235,225166.89346749766,455078.91387209145
114730,255779.53956544882,238181.26755664684,693670.1424014193
114739,343866.1368334677,1031355.1278534827,1974082.4109826363
114745,39404.31586969948,65373.05037485104,144757.71192853045
114747,347475.2164494998,641270.710278328,1370955.1063040642
114761,53730.12000413841,264575.87286876363,422062.4735727721
114780,53967.35247784642,170415.13402772864,318027.178986641
114787,470924.7691920668,724294.1521755575,1682891.3577305684
114809,16814.50125265199,29950.079937903865,64557.819447309026
114810,13861.347824727642,43760.1656038877,83049.40958337454
114821,345491.79095599963,463833.1116362799,1108011.350665915
114824,11470.208497742333,37667.29616068836,70345.25123582233
114832,76359.91402703007,163539.54628875075,332728.8191601919
114842,264321.15344583883,700351.6260950334,1400521.7962587026
114848,293529.25082625536,407857.75989517337,969361.7555964559
114859,23024.928049884355,32066.1437221302,76694.63238942833
114875,29752.570515932257,94628.2914168743,179185.23210001743
114883,81710.13119356036,202600.07973472154,389444.06865774246
114887,16839.96112248694,65027.67713935425,112956.25711901311
114926,102215.71884700512,247730.5017016019,495647.83875321766
114927,44044.757474708815,59999.22990415297,144260.7736456383
114947,243444.4559692494,535999.2952580925,1094869.32784124
114967,22940.15225714591,43783.91425634264,92566.6952465864
114988,3028059.06522358,3724057.3874897356,9716768.574865388
114996,449601.80726625916,555117.8699754621,1443939.2998995187
114998,79691.07252908024,119981.8802776584,286310.191124575
115030,19040.784194444153,63505.89822086827,116789.84017432536
115045,60335.84789380208,133921.46765786334,271712.03374460764
115048,72083.48789399884,238760.28546518218,436689.4999011357
115055,24148.893046913607,36369.52701789313,84016.48220350119
115067,43849.32463663303,82207.29338754126,173375.73890350232
115079,32450.261949992073,97114.3052081489,182505.45025979122
115083,77954.65101269646,407713.72724731057,708045.1579752164
115107,35478.70450193004,95323.25600537739,183646.95807066723
115120,6219.781461942532,22416.711324987125,39923.31967559545
115125,25077.18752720122,52480.013038688696,105190.26637696163
115143,375599.93104720145,1007269.1966718455,1993780.3955527022
115156,1242612.0980417228,3186779.0994119053,6456899.055040679
115163,37728.94101561148,74914.6609005184,156945.96426600503
115164,444089.225258564,942263.5991214123,1937841.1809364418
115180,484508.5758901382,1160236.1415210844,2455188.5259896116
115185,24345.821919242473,63680.53974527797,121595.25064059848
115188,79749.69566100632,162968.76796106598,341721.28815933387
115221,36532.099970235155,50593.274434336156,121039.437922392
115240,30496.093301088622,67623.08053461525,135280.4625862004
115265,15042.08074719214,40356.358543628674,77506.68223448592
115309,4038.9111190415815,23281.532854383135,38277.497809923334
115311,15481.487949725208,48205.94781810621,88263.93373769891
115335,120570.80269727045,118476.56671075783,344310.5100878075
115336,53716.33204235331,189732.6517659393,337444.87322011136
115343,27882.606889303293,75131.37250018703,141625.8587245514
115363,250229.8471925134,578961.253694123,1151511.9110307922
115377,108533.1659552162,158482.60572038125,371771.968895843
115392,23081.945294256682,90987.22587622449,158515.0728317401
115394,83556.87081347014,108916.68633741216,274141.3135964881
115409,15704.563255343708,38268.666845082225,73782.03259375227
115412,38367.98227170951,65467.12632879253,143213.12371443352
115424,32255.490446392218,45063.3297600498,104683.1761188473
115432,425041.66791047604,989866.9122583006,1987160.995585341
115434,111031.28718114467,136838.68602224003,354045.8780492026
115453,37894.64802551324,94990.10147116723,185117.3139580593
115468,187939.18754669194,246544.9142910233,619840.7530490265
115482,52990.24258518645,116026.29913201375,251718.51058492254
115505,35119.46147396441,58765.46375315684,132548.8135582693
115512,43893.83692695324,99190.00410636378,211864.20451269235
115513,27217.150987299563,58161.80384534891,119411.91612262292
115514,37895.80872014427,70418.08342239322,153186.19590087165
115535,285872.4188350542,793044.1576450786,1575960.0941722533
115541,66469.74399191882,148744.6426175449,292203.24675431964
115545,52463.04834924408,136732.97306935428,268719.6716545045
115548,783350.4049110487,2205929.7226760406,4323116.934361301
115549,17075.120942198606,50401.23642924349,97239.1080744873
115562,163622.7026029438,181335.3592586125,479894.89384665084
115567,47933.94717904216,48715.049902990024,136573.97266956407
115593,48135.5736355219,62922.962306526075,155498.28360584684
115603,31708.623656304102,91862.96407534703,172606.25990236906
115629,316140.7133425535,702222.5951812064,1453272.8230357193
115659,28068.413115968982,95254.40976867192,174009.86557067442
115662,26684.093266025036,70930.22109122078,138320.9125049227
115675,1568993.7590255933,3333130.6958145783,6975231.106269034
115738,3105705.176303411,4368603.91639195,10368836.80838648
115739,39082.417720037854,64143.46941577526,141484.77922541523
115757,13632.029425924138,45660.38918856103,85925.66902041389
115762,69538.19916891347,108693.1740907679,250012.7475290831
115806,52505.77907454699,102077.91809392262,215873.45265200455
115827,25206.63611453284,62354.30634115176,123012.14751383296
115834,679242.6401107885,1368617.5791114855,2883406.4079259373
115863,57629.74576776024,107094.49764747168,232255.93565753807
115888,40237.85483108881,112738.77334892256,211269.58021241188
115895,502279.4784074278,1864235.9915082797,3289298.1284484062
115931,39453.6193846622,55192.23046063478,132415.45195379358
115934,14387.842257403614,29821.53841295086,60080.2646844315
115952,15212.88085230243,57192.518615371984,102076.48058415588
115958,492211.1927664596,1023878.4344155493,2173752.837025146
115965,323067.99620558636,736042.1450964537,1445768.8022944315
115976,38478.94129356891,78329.32332672637,163079.68385396246
115979,106429.26787130619,267322.4629340573,530101.2049291383
115983,378367.4310513531,1037839.4464688668,1982915.8339604863
115984,18209.702194781526,29377.807915064823,67536.09712461388
115986,20781.44032066496,94416.22315854092,159082.0641080279
115995,293874.91376645997,669917.0990416443,1348359.5268520399
116023,54041.0218717128,80092.92873447259,187911.24310496694
116024,37603.00401216632,85718.54756913733,170055.19403594575
116029,3291.7690046026482,13911.41705366147,23382.40274855306
116039,3722.8447735487507,14241.694034293865,25106.569457225065
116045,29140.330161963917,129192.39000041195,217552.05994730222
116050,55628.72876154454,55326.42043639839,152474.86293963797
116053,73685.97498512334,181151.02544137093,362402.256091296
116060,43671.90930777114,73011.61648776781,165991.99747319258
116071,36363.8070532489,61532.11065608061,133234.17178255174
116082,35479.18267652636,77953.79368350572,160234.40027186513
116095,28594.65423154426,100135.50766501234,184156.6390190187
116133,31784.704792948545,76461.78914026672,154527.33501318237
116138,62136.73570140362,185300.68059206556,342767.13626054005
116142,17069.567042706436,38391.90502939453,80005.82637226405
116145,428140.2812776008,968197.3625843767,2070693.7203639776
116155,114649.2171428736,164835.63291413418,392709.4291374461
116159,416856.9372453639,460578.97456471995,1223705.1333268748
116183,770764.9573081353,1902741.6669166286,3942846.6510222405
116213,252629.08914926442,806860.5458317719,1517067.0960292644
116215,48194.48789554212,85923.22742543467,187863.04295020428
116221,367953.8409078946,377270.228785595,1037729.7889314143
116225,235358.1100051695,455113.1307109588,998935.0373841221
116246,24127.913560181467,77038.80725239946,144190.58659235574
116254,58683.14444746128,75447.67827654704,185694.95803665143
116260,18131.624496357115,49098.09305222943,95098.86339466072
116279,16508.593962732037,29711.666109663438,63790.42803778837
116295,39249.79689110782,125479.78769022331,235910.322992381
116296,64056.243496647076,130976.09482096128,266100.2580326644
116314,6863.458691195537,27739.196605286237,49732.91733344768
116315,145403.14117903454,338195.82763000595,662724.5458428866
116317,965387.8317525797,2259042.3289862936,4541458.120207125
116322,12170.974748760875,27248.133390115916,54847.95386192309
116323,11735.294633372863,42935.404855211746,76758.40091120653
116328,84537.40098121409,211017.82114319105,422202.92131716723
116339,39648.08957427163,61605.90970249211,143967.67630636203
116346,2050727.2238817844,3495598.8273093184,8476624.092751203
116396,1570898.8546728762,3669632.6561698103,7733008.159126512
116400,11871.692007562924,28940.6689168875,58423.48530906585
116415,108377.9309455957,148003.9933205083,344448.3118355859
116420,4707.775278550557,22312.14415050905,38056.66836117946
116425,37525.985377198245,72141.75582361667,151002.64016641912
116445,92158.66288386828,191938.5788882705,388744.785062863
116458,123129.46609317327,302434.7331942404,615708.1006278337
116460,22202.830603314327,104707.62882471125,180161.55613726142
116469,19060.907889590955,83620.31501155766,146378.41054257902
116471,29188.098445717835,84073.00275785702,158109.93512199342
116478,883836.0468667867,833575.8466305902,2458530.4197783424
116485,355447.5300521577,774278.972673272,1607834.711311391
116496,31861.86097714286,55716.790580987436,119988.4324354151
116497,43501.169645951035,78685.64008818123,169676.8280065081
116503,8582.609738432655,71589.32425749692,113854.7946358723
116504,10818.823693057288,64735.12780797626,105994.6595252981
116515,10262.35710903959,31264.85106009484,57732.260504754086
116539,28769.54329937068,127357.61388154766,213324.94841090543
116540,3095253.48782974,3530714.1267966,9755020.337739877
116543,27054.932100091322,62569.45186517456,123857.05904671336
116544,53391.54791009656,122377.66010535865,243738.2379428266
116561,38917.81787731192,58871.863080691684,134102.4507633133
116583,10859.254057792747,40867.77386697314,70564.29127205836
116605,41682.697797589244,71266.98443801595,161765.8565252052
116615,128064.00014461571,243015.4383178266,517487.93385481794
116629,40904.00765404888,116095.08261254724,214925.27646465146
116649,19448.791187727147,22119.553928106863,53786.283369216115
116655,352585.08984768856,397329.8229954773,1040256.127128731
116658,97186.86396832445,157120.8985782975,349024.2308764827
116663,12073.392294090118,25868.529309995425,52170.49174345596
116679,9874.554683305756,37525.69262796944,69138.31678963616
116683,164071.8631058241,272686.0813308624,606425.3734210874
116687,4430.207438209474,18142.988038163036,32415.86869103273
116694,12121.640119927533,46680.436020513036,82824.28176260214
116724,14058.018382735376,43132.13545136942,77503.51425256461
116748,446322.7525617149,448510.56659087195,1231117.210487205
116750,33834.9063444742,158550.23836034007,271299.9232790347
116772,106618.77908426497,129077.90193468911,327528.9218492983
116777,510597.7378630341,1764137.6742197024,3404816.662018564
116779,14698.937428231015,52851.30685875353,90131.66949666454
116787,33086.40089183318,48913.03048151301,117649.59139161128
116791,590258.822303472,940905.8296752227,2190927.671559562
116795,132235.38697055329,434318.91212116415,812717.7567507646
116818,318693.09945602255,593092.2128524566,1286086.5348658052
116819,35129.44946668679,61677.67334875237,138173.06901593663
116822,670969.7730583221,1779233.174600565,3508217.01642977
116829,17318.8049066899,25097.51203703379,57812.020575540875
116833,6223.716220126347,15243.768673756695,29856.158065777938
116839,17122.014874623368,40117.50624345156,79559.34081578741
116852,24839.24237982584,58448.85128731359,118476.72884107527
116859,209291.01376820842,934510.064461999,1679890.8943574529
116889,66940.90277353127,121889.5580764691,266760.4718481568
116897,388707.46637194796,924233.2701573279,1889594.851383616
116934,79553.60793525675,156448.94223481786,337756.20761691383
116954,59020.17959260583,284020.8991269446,485875.28063393896
116956,60174.385286033765,104618.31541290303,228479.14344194866
116964,55608.77679775217,84344.49620637631,194047.66974549124
116971,34793.35472102881,60506.235801365314,130831.40747519484
116979,11777.31759403369,54405.842929464925,91455.0462852334
116981,60549.50398602005,112366.9107963853,239153.84066581755
116984,271219.12173825584,455931.60754882125,1009780.3284019771
116986,5171.623317197125,8148.042768961046,17709.170070347594
116992,74986.7071588967,189909.4328474711,355430.14597458916
117001,44854.99776889046,70859.85918706722,160680.15751939637
117002,443665.9911955773,1053422.572479336,2135269.939899598
117015,104694.48374416957,147596.23086482394,357237.3147466306
117032,58666.149875999785,221062.7546577375,395486.76836916944
117038,110779.42764962783,242791.87579491243,491878.1161161815
117049,76911.50343570368,264770.6377349372,480752.81140496966
117082,16100.568667835145,53343.16271175121,94491.02082878808
117106,185215.75552019602,355772.7064474518,763645.4827600489
117107,1736912.7313835612,2029496.4819990753,5348371.295166626
117120,89137.96256044722,104899.89195039764,273394.42952482525
117121,365973.2496739139,694061.2572720222,1525308.0333944117
117133,29803.524484309437,71842.57287624828,137706.8730618843
117139,126781.8898176475,444370.4921202184,829692.5752151457
117152,21433.066126869388,56568.652235455724,108966.27299657962
117160,76186.4633797337,125279.50071662263,273755.1756086529
117162,75020.98822328202,133259.50089599704,284193.8288648797
117165,30387.459332615235,79128.34576218882,150441.94247366043
117169,98938.3951626843,283065.7199380915,544498.0824795107
117173,11273.565145058408,51388.03221111995,88213.1684572451
117177,232538.46661971658,495285.2912755972,1080777.5112346914
117180,68110.987724869,119773.03217950574,267863.18537858233
117218,1696000.4022639082,5144079.38574241,9749378.278650515
117229,41943.84458559717,100211.04296007445,194967.12404501054
117230,262644.0121355028,551528.1672894829,1170564.3983383803
117256,38322.169799763884,73050.78695285427,156987.06137942517
117266,2882.21203707536,15265.604774692285,25555.732964951603
117273,313654.703255574,752040.2052551426,1483015.2884071027
117274,4853384.7732268935,5761354.77727558,15365716.364577249
117280,30210.124495848315,95099.84419042205,177419.82081175383
117287,148492.80500616843,435126.0826222068,829860.737047083
117310,169920.40241110467,517495.73407066625,973887.7717887915
117332,399225.8328745774,889590.1952697025,1810001.4924533723
117357,22915.68887825649,49321.05716951146,99275.27668532298
117373,11708.465550381017,22825.19216915753,47702.01868219522
117379,436473.1898028604,748288.3634910473,1682191.7876417253
117384,95087.10359094322,89548.45700495713,260073.90005842404
117413,4995.346083310625,23331.317590050283,40750.92506630502
117418,244981.24240824874,287537.53906896594,737445.236483708
117429,12881.224073877494,18473.543509882496,43546.044406896566
117431,429934.6262301503,529191.916354316,1325183.8571913086
117436,81580.81826462265,164028.8788774144,342670.05485855194
117466,236409.9493985797,538049.5862703361,1094220.3824477862
117467,580710.1432162867,1357448.9845894428,2694671.952589077
117473,89068.12974367409,88827.92846923908,258762.37112286867
117477,363533.97383919556,653898.1365380927,1453454.5022664892
117490,20156.315593055006,37685.745147950096,80807.83962977
117504,800911.7658935612,1966867.8194112196,4039079.30820382
117516,58013.3177657294,255440.41466495843,449490.0153081092
117521,41345.12384090319,142200.2224063985,261064.78827961427
117546,163938.02458102859,490402.3467529736,919900.8987997189
117554,48517.61757264195,159811.07993908483,309634.8739796326
117573,12154.293368785568,32341.493609912202,61737.85231930211
117577,42922.62275191272,102875.08132426105,204988.71589054097
117578,285355.16038231004,867588.470042805,1653762.1399154738
117583,17876.095515814628,58976.63249869335,107810.06513064173
117586,37958.13033879376,85424.2814013058,168205.14661796682
117589,18585.35678214513,55059.29401981546,102837.73300327036
117592,20351.657863293192,30505.25210154354,70097.22624757326
117597,439956.23338198185,768205.386083217,1780338.5666163615
117605,219508.5157720938,470867.1549014672,966692.9061572503
117623,38216.45134960121,142319.4084577111,259070.63582213057
117640,1425989.9957638604,4300600.316256196,8253709.058079285
117657,1371495.0473258952,3023736.6206714837,6317583.134163052
117661,10870.619170547374,60932.42479384507,99701.85879521981
117678,18441.418537374655,63136.18981903298,113371.87993218206
117679,397762.97837151034,557122.6755702489,1320103.6218367307
117723,75135.01569435754,72567.52241891973,213035.49686817115
117742,586282.813795793,1362803.0795676135,2824595.3327109087
117749,140069.4539071428,449098.0525789808,849832.4712275486
117750,12862.958841094698,53427.092973836654,92751.16289932482
117751,19342.18737186315,84884.29303844772,145266.1565703479
117775,56219.412958828114,93872.22878907245,210687.07627494945
117777,677415.4964568692,1439888.171380253,2963700.02684121
117783,267938.1702652004,834008.9474991813,1561565.4682642263
117793,21404.44708724475,41239.43050599685,86105.76395157329
117796,30472.812082281118,87585.79058392016,160605.52660644328
117803,47228.47651554851,118391.47027527817,221632.8446839715
117815,27552.053797741944,160657.6555065257,260905.48479766506
117837,96747.70477615381,107587.22374189722,297886.6719248288
117858,56681.640262237015,105133.34839212781,224880.44635631845
117870,161761.30325061668,505407.14088883204,965423.8873744224
117881,7551.533082302644,24966.924716541314,46521.19012056131
117890,9948.513629963709,29604.28241383054,54124.317132959026
117922,66282.05478101327,175526.35201043272,332025.38535995653
117923,73330.61787650193,263287.58827281883,462037.53391116986
117927,67335.46771664143,98360.8011062968,233382.48071660488
117940,16857.823399337107,68130.22236448222,118539.42835816598
117950,6974.387344477821,30425.758073283887,52605.798617119144
117967,271231.83189390437,641642.9957344395,1292180.7380973762
117982,5006284.082231659,5545188.508781849,15548128.282174602
117992,161170.3371383797,369798.55755390076,741469.0276157964
117993,14200.288950174547,86517.99273065866,141383.2930743175
117998,41748.026168806755,128275.96771651834,252348.5639541351
118008,392585.17779567285,309747.68825004285,936564.2952037529
118010,281803.7715061732,526001.264879802,1121609.7961090554
118023,27987.853626758966,121134.76626129904,206291.06421464897
118028,276553.7278961778,937796.4120157377,1733597.0182947498
118033,44184.8408761242,107894.46169673586,212791.82614828623
118034,27446.892151062133,48006.86651174356,106441.56749358294
118039,14771.045525614962,26725.33044509841,57385.162030459935
118040,72708.95782731057,146276.4668271805,302067.9075302768
118046,43120.21735966017,84822.68467377541,175238.32261793833
118067,56153.57024537039,142008.5005077422,279831.7251264164
118085,18560.633438533452,48484.327035602306,91004.36048638247
118104,29151.464603895885,69442.13914878838,136672.57202663523
118125,805863.3137711863,664926.3840360285,2095812.5608624152
118127,13040.25155673423,50545.77626593649,87673.45874503386
118129,32175.601080471573,75355.18404608566,149416.60104126867
118146,62651.65697629009,77170.36948235832,196463.80737656797
118156,19567.04469180988,39819.83758117648,81777.69400824267
118158,25841.96878943311,62850.83761426964,124794.77899401015
118163,45870.64045632698,73483.00956223598,166075.09681877494
118175,39838.71791626817,102288.03711200548,204867.2431737536
118220,152351.5229827428,264969.76067208336,570399.6128240363
118247,496158.3801261639,622931.740005816,1626682.1858435175
118256,23190.23094085263,69743.31902996374,128814.82467826353
118261,101409.60464489584,222401.80588559745,468701.1969089339
118274,15907.058841302078,49117.967335602334,92359.57773608767
118282,195460.8391666715,522779.8381159753,1029236.4016394857
118293,109482.66346609924,123661.03134028357,319460.14436956815
118307,347201.2194628429,956478.7166595679,1864980.8365874756
118329,1503686.8876232735,2558877.5000783186,5768016.326334888
118337,571489.2300695239,2242008.3949313117,3930709.5597648164
118340,172815.5043432494,188769.15277444865,507793.9250269141
118345,66181.23886017223,255721.511968315,446487.8510052461
118346,28234.847006337503,100763.42253942453,174511.77355156335
118353,15899.860175865728,29100.78300460779,61633.80732414109
118354,7042.50308697354,25858.04480748868,46458.859500104525
118356,90339.8765320416,154322.44545892437,339367.98441406386
118379,29317.809612648496,36241.060982897696,92307.94761973873
118380,757812.4906955119,1019139.576359531,2531339.754808139
118381,27360.01094569765,40173.360062364125,96311.58517122692
118421,7512.9346499929725,35795.77923660132,60201.88436879067
118434,59251.51882458163,243615.55685654507,471390.4544762042
118449,1788965.2054079534,5023531.608705243,9863616.27865926
118454,60267.73886984578,127563.49228677627,256676.52392278647
118459,63762.51193195763,98781.44572794672,225543.61795332836
118464,927948.3011513151,2362434.207933617,4638600.755709934
118472,9912.288397366556,23980.615792403267,46270.09947823512
118482,60901.78634587283,156688.52046194984,320442.4153026387
118484,1063058.3502620563,3916979.757806301,7098353.767228568
118485,39046.16831204058,88863.68385244168,176300.00204568915
118514,608753.9083700327,1413226.3192831264,2861527.1962763458
118517,87483.52277148006,191528.1363516509,388540.26036133035
118525,37828.03076662539,86886.1955503889,174733.97611935547
118526,3031594.2980380454,3970553.426734645,10005861.370692682
118533,10357.802184065908,19312.00205716737,42184.94990141653
118554,32335.022094689753,114494.51353474482,205291.20034189348
118576,90901.57173256538,118233.40012854003,302940.9905455819
118579,94794.07149314471,170876.97158878247,369733.1976234688
118591,143338.7016348781,208794.40072075513,503935.78511535865
118594,42742.27466135858,105364.3235145258,205174.68628997117
118596,52228.40990258647,93157.4747643562,200151.29584783793
118604,18017.122301639298,72972.6542819641,121301.48978653864
118610,108974.98290331791,230625.79157228384,483302.8073292209
118619,1144891.712204565,3256240.833990283,6744903.350162538
118636,648698.7495324628,1017814.8166446739,2368105.8085631654
118642,6908.406913798848,26404.692420973908,47695.45549943327
118648,85211.252030183,130211.2429095481,294559.5597355692
118653,52704.62348734502,193780.20651717426,372235.5824452322
118657,23714.333598507343,47450.376965807896,98799.65045945937
118661,40103.89176361155,100417.40539552543,201531.8610958457
118666,34676.10232335244,72909.69578416168,148786.1656565215
118676,1228165.2178207058,1083495.5433610987,3256528.9416514765
118698,14270.02422418485,16943.70397398627,42945.32022419589
118709,158848.1030523681,333198.8783627741,672457.2881954534
118718,5215.11018512159,29511.940891723803,49886.84121293235
118727,9726.525425431286,23839.104243534173,45809.28719486023
118733,5570.295339637193,11367.214764887483,23493.114348399606
118736,712394.3367366878,1315731.4243346553,3026388.870400222
118739,332060.58023770165,923683.7152767262,1802215.7445220305
118740,10239.101599072961,23724.04104100477,47312.442008166
118770,61459.23910722583,176019.4549899948,322894.4924864864
118818,8242100.543649058,8829594.477438148,24076595.95737516
118820,14865.124482073506,28315.856282099277,59686.82662777293
118821,1681454.2585815443,2466525.2638067105,6016921.740652664
118829,406236.02968110365,852974.1137028985,1739365.0649944227
118839,6071.548306767515,20697.244268979448,37902.91782281028
118845,1086699.7736115109,2935655.9649618855,5730302.0456201695
118846,6976.767418635654,31141.230395868628,53164.15513259257
118850,15532.557681839111,56546.68260914167,102090.9596060857
118859,34950.979873334676,54459.78213364413,122569.42708530501
118865,168422.67411111068,662899.9203549568,1216356.1201102831
118872,578440.7555808364,1035679.7449182771,2268231.830066246
118919,41485.362318841646,45732.069799917575,122902.75078961466
118927,38720.02489491079,97012.22627543742,194530.48649930992
118931,36620.447876769074,106943.77085578423,203034.73104584333
118940,63787.70933460406,231353.77910939595,427513.2311801486
118942,25415.686298020577,84330.18698647857,158426.17066918346
118975,19073.606955986947,70050.22663961616,124472.96853439433
118976,69269.28527377716,261039.95679334053,457384.61793123203
118977,286569.7488286942,672265.331256681,1362307.1204512045
118981,23634.203238831746,108630.89600466486,188405.12122794575
119034,24822.423878815094,43971.553995953516,97836.93172164154
119039,9294.76679862474,14518.25542210734,33761.71776657118
119048,42663.18824875375,77073.51606714613,163926.55792988912
119055,53494.45878759924,169789.60555044285,309231.1888900599
119059,42879.942986047856,88677.84694197783,179087.8486449669
119060,49732.970015102175,96435.33892019362,199475.85166915716
119067,39019.49769127023,61110.65622631788,138698.08912133973
119068,17110.202528468824,40699.31394203821,78611.61646616578
119078,336273.1607606859,1030903.0095016249,2004330.8792193239
119105,77367.88915977236,109839.75555723038,266516.86558946164
119121,18830.701603108708,64118.268281530705,117775.17343866029
119135,13301.185443059796,54403.84288683167,92916.26111016601
119137,10014.366041506768,53176.90618327603,88832.43504892144
119152,41554.675328024,83841.77396953589,178173.78148139897
119172,139088.41533823454,433142.7169656851,842223.9334755093
119177,51629.335907158005,103217.657853048,212311.12902982038
119187,1414206.9147511774,3581405.213775077,7219799.556100465
119195,14235.820459181048,22838.54992102209,51443.25248223639
119202,457084.71727260516,462718.3853929506,1309201.1412337148
119204,107474.2311144864,100077.62186285776,303676.9213505285
119210,985484.9112422955,2728737.3555630525,5169007.067843007
119212,70973.9170974022,141623.97214604277,303226.5164050085
119214,123098.53386327933,367556.1877000671,730647.2580394843
119226,21693.661469620998,43490.58513285947,90883.02059952787
119237,22374.12091720363,60191.117892365466,112857.9749083678
119273,52676.47989069812,90575.14155813759,197612.96296539705
119275,1845264.1325190791,2500577.9852800504,6227518.938498687
119298,3157317.2356132767,3450964.1131362515,9732375.168295842
119305,53744.38874561677,58664.0816823926,160558.4365641821
119310,14431.432431233281,26738.188015007345,57796.82189595264
119333,84291.27108766697,271304.3664012891,494825.5731309134
119353,43419.06116747588,51872.66384212729,134302.53811049453
119359,91606.35187045537,160480.32260782737,351334.13071868254
119360,4213.9771293893045,20284.333561244606,34796.376459569554
119361,307279.43074703787,438600.94168951595,1086532.3450191263
119395,58888.61757445448,92632.39330305682,214134.1179826397
119408,46720.79092268051,123797.45385264653,241428.55534570868
119418,291395.54682400357,938284.6857762533,1730370.2558939233
119435,698988.5426357188,1524477.2910917571,3161530.8638870106
119446,25150.814169741843,73636.77070099708,136690.61146563405
119449,90646.5636026015,214799.71196021663,429808.071467252
119452,43200.91951622735,80473.35364472707,173666.611750293
119473,23065.177114393435,38160.157271873475,85365.80491589083
119474,358974.5170639174,918403.7564843879,1838730.2085679478
119476,4497.760175108449,16829.95690150579,30482.444021281415
119477,6960.2495647367095,22653.63359983634,40958.3123146179
119491,458795.79298320983,1591981.8358742418,2808035.3571961103
119498,163758.59167253837,428876.6850989738,825683.4058780469
119505,603705.2479142292,576523.7973993687,1682642.5019746362
119512,693330.2713795218,1795932.3941945834,3563144.647989953
119531,27958.65830284809,91117.4369432949,172035.525957215
119532,135972.9781475961,337995.68901383516,680816.8238984684
119543,1412846.7486691365,2528174.1930014864,5750055.71335779
119549,3634970.0491938917,2313264.249133639,8150066.238237847
119561,366072.7818397998,647281.6005993868,1392279.1521506272
119569,644678.9562859199,1792768.5208293796,3568248.0354792876
119584,79976.2985765985,162621.24409223607,341107.09345143137
119586,873303.3412292475,1580150.3760859368,3545771.3112095743
119593,13348.980264937181,41623.596044656595,79046.74669849288
119611,68474.48433818022,125495.87134124832,270001.5873670937
119614,372404.9744534981,780615.8483253628,1645822.5331085161
119616,1773520.5901285498,3063144.8505715583,6910456.45258175
119619,314558.0019703788,413578.7725615556,1024156.3399137283
119623,158793.67635771743,516180.34355887177,926184.5005723605
119627,226944.84732726778,541723.4091301021,1080578.2583942316
119629,333854.43074059946,571366.9162658892,1270695.7517559486
119630,375597.0303446304,579609.9847685891,1328321.071927453
119643,691641.0805283712,1844934.493473471,3611928.4470249107
119650,347027.5933574433,655052.0463380411,1419912.4376055533
119651,16331.535764000362,52154.11528694555,97445.51113549361
119655,513615.6834166381,1200161.0682484733,2451353.496249599
119665,191226.85258929856,279913.4727739228,665533.5022894773
119672,27266.6447499634,79201.97676401219,158337.31423273223
119673,221309.56227211325,446028.24079706345,986936.9357724495
119676,205924.57962340003,634054.4960893767,1242867.6849238402
119677,6419.147012139234,16881.512796008526,32920.28234782057
119678,222111.7340152119,451203.31799629156,928229.2146070891
119682,17009.754556446416,40721.55338735328,80235.34498587438
119697,411611.0312212292,1607326.2325548925,2819182.773783819
119709,49281.83482995964,164659.87918825724,301179.2866683117
119712,30659.705592807702,67129.57360798401,134937.56025543832
119729,313204.2574904174,491091.0096335559,1135806.5036238758
119731,24730.140021212184,69142.23136153795,128226.88693350194
119733,96568.19154059351,325497.6925430901,589088.2052005328
119748,287005.79661396553,594633.8534307532,1235041.4850446847
119760,94152.57542559659,228479.9323339843,445191.6737300495
119763,32417.54369226322,76188.42694970718,150663.57211149653
119766,12349.598453835959,46258.61735903757,79059.4579671466
119787,10358.89766533901,65768.16851468945,106019.63566763689
119789,278680.0137965755,916638.9588338481,1612303.8843192672
119795,123848.5614177686,136582.74314708175,364581.4989894682
119811,2192881.0682082805,3509220.2927232236,7840566.006514523
119813,3096384.4206636595,3023668.829656366,9111127.262139756
119817,290212.04595571116,900166.8377626546,1678140.4229514194
119820,190724.04081272578,443363.4891214761,885668.8271289143
119825,23959.812829701455,52737.15910126784,107940.73758481035
119835,20283.329237123693,35742.72398191002,79089.00004842327
119840,21782.408757950077,28052.28196150814,70095.21640249016
119858,19790.89474711518,27730.75570508562,64282.03136055862
119876,30014.068274703717,92537.51009096373,165857.15577845054
119892,67519.01511882036,125128.57553196409,258614.1531847007
119893,57931.52319537348,151931.5882826479,292604.74341664824
119919,53788.611481058746,108292.0557608085,231016.77329284872
119928,34955.247511389476,97043.07865714074,180121.62004458363
119940,20813.294246536894,77123.75011634802,137733.28015067684
119963,83925.84075266881,158745.99717071952,336955.53413807915
119968,32519.433805360597,84072.43364975724,160792.87961156998
119969,3811.1883230054464,21400.03362568015,35953.57498623378
119975,27443.32038634672,52795.225918790224,107685.89962614252
119994,54051.15241082046,98576.23048564991,215374.65348188917
119997,31883.535753967433,82126.46873612827,156019.01718716003
120000,31785.104540788532,51536.12085147938,114796.1229406682
120005,125289.16123995498,369839.3139642939,712916.0111372669
120009,322665.1741460468,253008.6932456189,828634.5866351423
120011,34808.222258381014,102042.80237234618,191165.7266062617
120012,3977048.1382103865,4117596.4985265746,11114620.410301788
120019,40700.35892331102,57886.79584169908,134030.93264384146
120051,30712.77905161411,76798.00153468178,151633.42656808335
120053,615584.5066770063,1461890.5149395866,3033381.392612338
120054,73027.33007398571,204996.01931970817,382426.4338084245
120062,43212.705448820896,69066.10593246706,156143.38979694125
120077,232411.01333496187,427738.14069708576,917144.1894426208
120078,418491.33361760963,538726.3510137709,1382753.5018424
120094,89428.95535597451,93624.22782931132,254186.6481303476
120112,49044.46881748361,117462.88275649426,225915.70466960347
120116,251208.72462741853,494514.3254182089,1058210.2879731902
120127,995618.6310892544,2334651.879124587,5046321.087582439
120134,7300.541959934777,20975.982191683685,40637.33108015875
120145,273802.3256356762,639647.6157122902,1279249.6041415136
120162,33410.490133286155,113320.04239227888,202504.09296679532
120169,114771.09726215359,229183.78130488054,480110.0499632441
120170,92272.65572876776,92806.60611825211,263151.86104440235
120175,20075.11542493879,52077.9001422543,101502.6101046777
120188,16734.397706478605,40476.3030249313,80587.05154380883
120195,266967.68538958416,550597.8583073446,1165671.4831942334
120204,69088.29556374099,243351.8114604967,434485.74005231576
120207,81193.38397879469,139381.8130895358,306721.5606094892
120232,584813.2835002627,2357290.109467329,4270557.058215292
120236,24383.025901110454,56620.84695942119,115396.4891305994
120241,43650.14589718192,94817.88964625982,196341.65854980715
120259,23747.965231579397,48699.11970486398,100150.33206109138
120260,17763.301165549485,41952.628235995704,84218.82234739847
120280,73013.20194578743,188941.39289253758,361778.585768923
120282,17832.467825360407,40198.75285451988,78601.09873119686
120291,41135.51018092782,76751.46364971889,166264.52739236155
120293,428768.95399744145,750747.9807504322,1689362.0194921056
120306,436314.79918163334,467323.7177695596,1260057.9246726208
120347,4541.61765803043,20525.622086173684,35870.223741375085
120356,5978.538515534582,17885.246961361645,33225.450984212686
120358,705970.711191042,910940.0256063105,2276119.3419539034
120376,12937.066096320403,38770.498582065055,73129.48807815564
120385,44827.94308749061,79838.09742976663,174402.78772177984
120400,18646.073035925183,52121.46442842043,100355.15337005854
120405,112941.42248626532,295615.27396168053,579760.6090940554
120416,17408.227973037654,26513.74441510092,59708.835723770164
120423,86771.67414679358,146967.2067629914,328538.5379273278
120432,106034.79442790797,120577.03055635167,317882.5148454417
120439,22400.24986335348,84943.13642240438,147636.53918250336
120457,172092.27130872483,451078.30327235523,889567.8147807815
120463,60868.61136581419,154046.04111189308,309186.19202053174
120468,128851.30814892412,258310.8860532187,543130.8894768077
120491,6176.792819872522,24357.33288321203,42771.22783063559
120497,78926.04650887095,224301.8483805028,420235.3278344365
120505,516398.48241827334,802104.3213008357,1924880.2028773753
120519,320579.3584443663,813081.3932024629,1642477.1115619931
120531,11324.139469378644,38942.54426911911,69694.52977399927
120533,27646.37578787039,133987.5665697706,229794.67850183515
120536,81898.09892975165,148112.3972913163,322478.67107496865
120543,8281.01533124414,68970.45218797184,106983.92977974119
120554,151444.57018132135,309232.0975532367,670657.7753961222
120559,45001.66582960176,117314.23001122136,225002.90237912937
120572,54877.14291201224,108937.84604677658,230080.86753022537
120589,688194.105709531,2028600.5644309314,3973782.6051139394
120594,47894.83499498869,110703.23667894847,219370.54146979726
120604,4125077.000823737,5881874.768551871,13825216.590496399
120605,3935356.5499479985,7157388.665087123,15525690.72303461
120622,511078.9976555785,431124.6000493323,1368038.9328595619
120625,9689.470845460912,21935.69943778982,44228.022458361724
120626,273581.3043221118,518126.51596218377,1208623.5224256413
120641,18499.043914736314,53917.87575476884,101749.7837041977
120650,62096.28178946365,213569.72919398945,389206.92386613257
120653,115364.50901445247,225612.76211368982,483088.04286456027
120677,11215.947014479572,42839.738981096605,76555.78497851019
120682,856190.329581329,743694.8596017831,2259086.4211058207
120688,29907.536273629597,89512.99010316233,168474.9638819571
120693,20691.22542634982,119533.49868672615,197067.69312279677
120694,97172.63970974881,191616.27630261972,399284.64542949287
120695,48822.15389547036,159036.5105115691,293716.5123476049
120700,104822.89609040217,175299.18343623498,380495.0549824524
120711,402739.5055119016,1325656.6951408416,2428084.1400755667
120729,9401.21496087133,37540.381997962795,66831.32232062574
120743,476475.8638956163,451330.3027469464,1334255.0899476046
120765,14360.652567946974,43618.15537159933,81608.45898332848
120766,56157.97641570163,183825.69598829834,328865.8309673909
120768,29456.81502231525,116769.88591856367,210422.0960491583
120792,28339.78621725597,106090.25070875515,190244.8803674428
120797,41101.46433091583,75914.03008570232,162955.1500921655
120804,100428.0880149833,163369.9459089519,374057.04298015137
120809,11288.896089106142,38917.07921259075,71080.0457630016
120831,14417.58369777078,56803.72809568443,100834.96751312044
120836,269094.37448379345,489257.47010418976,1062462.8737854906
120846,25730.339869628104,52890.52445764077,110291.55290906779
120855,57910.699443056845,112401.53793053947,234845.750348421
120859,202468.7274894278,272722.4003704954,666793.6161201051
120894,99285.28522167078,240029.43186908984,466248.9253526672
120910,62574.53554133475,207467.45848874783,386369.388345108
120923,50876.70639865878,114115.67401767315,226789.50220359437
120925,99961.01430277461,224398.1467682371,450803.31063309143
120928,24133.67822204774,63697.56339826902,121701.12208470746
120929,1716814.4595135113,6446686.749749257,11845063.158158176
120934,16718.36031794079,50600.65398744241,89820.98504944748
120947,750433.5776405917,974666.6123765846,2521685.3693608386
